{
  "hash": "58a9dd45",
  "configHash": "0b5c745d",
  "lockfileHash": "e97e1983",
  "browserHash": "938c4b58",
  "optimized": {
    "@angular/common": {
      "src": "../../../../../../node_modules/@angular/common/fesm2022/common.mjs",
      "file": "@angular_common.js",
      "fileHash": "95d36389",
      "needsInterop": false
    },
    "@angular/common/http": {
      "src": "../../../../../../node_modules/@angular/common/fesm2022/http.mjs",
      "file": "@angular_common_http.js",
      "fileHash": "2b48e728",
      "needsInterop": false
    },
    "@angular/core": {
      "src": "../../../../../../node_modules/@angular/core/fesm2022/core.mjs",
      "file": "@angular_core.js",
      "fileHash": "ecaa484f",
      "needsInterop": false
    },
    "@angular/platform-browser": {
      "src": "../../../../../../node_modules/@angular/platform-browser/fesm2022/platform-browser.mjs",
      "file": "@angular_platform-browser.js",
      "fileHash": "3953d34f",
      "needsInterop": false
    },
    "@angular/platform-server/init": {
      "src": "../../../../../../node_modules/@angular/platform-server/fesm2022/init.mjs",
      "file": "@angular_platform-server_init.js",
      "fileHash": "3dfb07bd",
      "needsInterop": false
    },
    "@angular/router": {
      "src": "../../../../../../node_modules/@angular/router/fesm2022/router.mjs",
      "file": "@angular_router.js",
      "fileHash": "7b2817f0",
      "needsInterop": false
    },
    "@angular/ssr": {
      "src": "../../../../../../node_modules/@angular/ssr/fesm2022/ssr.mjs",
      "file": "@angular_ssr.js",
      "fileHash": "19b3a02a",
      "needsInterop": false
    },
    "@angular/ssr/node": {
      "src": "../../../../../../node_modules/@angular/ssr/fesm2022/node.mjs",
      "file": "@angular_ssr_node.js",
      "fileHash": "b66d96c9",
      "needsInterop": false
    },
    "express": {
      "src": "../../../../../../node_modules/express/index.js",
      "file": "express.js",
      "fileHash": "61693be8",
      "needsInterop": true
    },
    "rxjs": {
      "src": "../../../../../../node_modules/rxjs/dist/cjs/index.js",
      "file": "rxjs.js",
      "fileHash": "33ba8c65",
      "needsInterop": true
    }
  },
  "chunks": {
    "xhr2-E5RTESSH": {
      "file": "xhr2-E5RTESSH.js"
    },
    "chunk-VO3K43AP": {
      "file": "chunk-VO3K43AP.js"
    },
    "chunk-Y6CUS4ZJ": {
      "file": "chunk-Y6CUS4ZJ.js"
    },
    "chunk-ERCFVNO7": {
      "file": "chunk-ERCFVNO7.js"
    },
    "chunk-HDB3EHAG": {
      "file": "chunk-HDB3EHAG.js"
    },
    "chunk-FNCKXI2T": {
      "file": "chunk-FNCKXI2T.js"
    },
    "chunk-H2WAV6IB": {
      "file": "chunk-H2WAV6IB.js"
    },
    "chunk-656OOVDE": {
      "file": "chunk-656OOVDE.js"
    },
    "chunk-O5J3CNTX": {
      "file": "chunk-O5J3CNTX.js"
    },
    "chunk-6DU2HRTW": {
      "file": "chunk-6DU2HRTW.js"
    }
  }
}