codigo_barras,biblioteca,tema
1001,Biblioteca Central,Ciência da Computação
1002,Biblioteca Setorial CT,Engenharia
1003,Biblioteca Central,Literatura Brasileira
1004,Biblioteca Setorial CCSA,Economia
1005,Biblioteca Central,História
1006,Biblioteca Setorial CT,Matemática
1007,Biblioteca Central,Física
1008,Biblioteca Setorial CCSA,Administração
1009,Biblioteca Central,Química
1010,Biblioteca Setorial CT,Arquitetura
1011,Biblioteca Central,Biologia
1012,Biblioteca Setorial CCSA,Contabilidade
1013,Biblioteca Central,Direito
1014,Biblioteca Setorial CT,Geologia
1015,Biblioteca Central,Medicina
1016,Biblioteca Setorial CCSA,Turismo
1017,Biblioteca Central,Educação Física
1018,Biblioteca Setorial CT,Engenharia Civil
1019,Biblioteca Central,Filosofia
1020,Biblioteca Setorial CCSA,Serviço Social
1021,Biblioteca Central,Psicologia
1022,Biblioteca Setorial CT,Engenharia Elétrica
1023,Biblioteca Central,Sociologia
1024,Biblioteca Setorial CCSA,Comunicação Social
1025,Biblioteca Central,Artes Visuais
1026,Biblioteca Setorial CT,Engenharia Mecânica
1027,Biblioteca Central,Letras
1028,Biblioteca Setorial CCSA,Ciências Contábeis
1029,Biblioteca Central,Odontologia
1030,Biblioteca Setorial CT,Engenharia Química

