{
  "hash": "8143544f",
  "configHash": "ff07efdc",
  "lockfileHash": "e97e1983",
  "browserHash": "ac111bc6",
  "optimized": {
    "@angular/common": {
      "src": "../../../../../../node_modules/@angular/common/fesm2022/common.mjs",
      "file": "@angular_common.js",
      "fileHash": "4c9104c6",
      "needsInterop": false
    },
    "@angular/common/http": {
      "src": "../../../../../../node_modules/@angular/common/fesm2022/http.mjs",
      "file": "@angular_common_http.js",
      "fileHash": "185dc006",
      "needsInterop": false
    },
    "@angular/core": {
      "src": "../../../../../../node_modules/@angular/core/fesm2022/core.mjs",
      "file": "@angular_core.js",
      "fileHash": "87625d6b",
      "needsInterop": false
    },
    "@angular/platform-browser": {
      "src": "../../../../../../node_modules/@angular/platform-browser/fesm2022/platform-browser.mjs",
      "file": "@angular_platform-browser.js",
      "fileHash": "d380c463",
      "needsInterop": false
    },
    "@angular/router": {
      "src": "../../../../../../node_modules/@angular/router/fesm2022/router.mjs",
      "file": "@angular_router.js",
      "fileHash": "75d908b5",
      "needsInterop": false
    },
    "rxjs": {
      "src": "../../../../../../node_modules/rxjs/dist/esm5/index.js",
      "file": "rxjs.js",
      "fileHash": "b88a75f8",
      "needsInterop": false
    }
  },
  "chunks": {
    "chunk-7JXXFGYX": {
      "file": "chunk-7JXXFGYX.js"
    },
    "chunk-I4XXLRI4": {
      "file": "chunk-I4XXLRI4.js"
    },
    "chunk-SEW6A2FT": {
      "file": "chunk-SEW6A2FT.js"
    },
    "chunk-5DHV4VMJ": {
      "file": "chunk-5DHV4VMJ.js"
    },
    "chunk-52V6OSH2": {
      "file": "chunk-52V6OSH2.js"
    },
    "chunk-PJVWDKLX": {
      "file": "chunk-PJVWDKLX.js"
    }
  }
}