{
  "client": "Thunder Client",
  "collectionName": "API Farmácia (Puro JS)",
  "dateExported": "2025-10-09T18:00:00.000Z",
  "version": "1.1",
  "folders": [
    {
      "_id": "a1b2c3d4-e5f6-7890-1234-567890abcdef",
      "name": "Produtos",
      "containerId": "",
      "created": "2025-10-09T18:00:00.000Z"
    },
    {
      "_id": "b2c3d4e5-f6a7-8901-2345-67890abcdef0",
      "name": "Clientes",
      "containerId": "",
      "created": "2025-10-09T18:00:00.000Z"
    },
    {
      "_id": "c3d4e5f6-a7b8-9012-3456-7890abcdef01",
      "name": "Vendas",
      "containerId": "",
      "created": "2025-10-09T18:00:00.000Z"
    }
  ],
  "requests": [
    {
      "_id": "d4e5f6a7-b8c9-0123-4567-890abcdef012",
      "colId": "API Farmácia (Puro JS)",
      "containerId": "a1b2c3d4-e5f6-7890-1234-567890abcdef",
      "name": "Listar Produtos",
      "url": "http://localhost:3000/produtos",
      "method": "GET",
      "sortNum": 10,
      "created": "2025-10-09T18:00:00.000Z",
      "modified": "2025-10-09T18:00:00.000Z",
      "headers": [],
      "params": [],
      "tests": []
    },
    {
      "_id": "e5f6a7b8-c9d0-1234-5678-90abcdef0123",
      "colId": "API Farmácia (Puro JS)",
      "containerId": "a1b2c3d4-e5f6-7890-1234-567890abcdef",
      "name": "Criar Produto",
      "url": "http://localhost:3000/produtos",
      "method": "POST",
      "sortNum": 20,
      "created": "2025-10-09T18:00:00.000Z",
      "modified": "2025-10-09T18:00:00.000Z",
      "headers": [],
      "params": [],
      "body": {
        "type": "json",
        "raw": "{\n  \"nome\": \"Paracetamol 750mg\",\n  \"fabricante\": \"Neo Química\",\n  \"preco\": 12.00,\n  \"estoque\": 50,\n  \"requerReceita\": false\n}",
        "form": []
      },
      "tests": []
    },
    {
      "_id": "f6a7b8c9-d0e1-2345-6789-0abcdef01234",
      "colId": "API Farmácia (Puro JS)",
      "containerId": "a1b2c3d4-e5f6-7890-1234-567890abcdef",
      "name": "Obter Produto por ID",
      "url": "http://localhost:3000/produtos/{{produto_id}}",
      "method": "GET",
      "sortNum": 30,
      "created": "2025-10-09T18:00:00.000Z",
      "modified": "2025-10-09T18:00:00.000Z",
      "headers": [],
      "params": [],
      "tests": []
    },
    {
      "_id": "a7b8c9d0-e1f2-3456-7890-bcdef0123456",
      "colId": "API Farmácia (Puro JS)",
      "containerId": "a1b2c3d4-e5f6-7890-1234-567890abcdef",
      "name": "Atualizar Produto",
      "url": "http://localhost:3000/produtos/{{produto_id}}",
      "method": "PUT",
      "sortNum": 40,
      "created": "2025-10-09T18:00:00.000Z",
      "modified": "2025-10-09T18:00:00.000Z",
      "headers": [],
      "params": [],
      "body": {
        "type": "json",
        "raw": "{\n  \"preco\": 12.50,\n  \"estoque\": 45\n}",
        "form": []
      },
      "tests": []
    },
    {
      "_id": "b8c9d0e1-f2a3-4567-8901-cdef01234567",
      "colId": "API Farmácia (Puro JS)",
      "containerId": "a1b2c3d4-e5f6-7890-1234-567890abcdef",
      "name": "Deletar Produto",
      "url": "http://localhost:3000/produtos/{{produto_id}}",
      "method": "DELETE",
      "sortNum": 50,
      "created": "2025-10-09T18:00:00.000Z",
      "modified": "2025-10-09T18:00:00.000Z",
      "headers": [],
      "params": [],
      "tests": []
    },
    {
      "_id": "c9d0e1f2-a3b4-5678-9012-def012345678",
      "colId": "API Farmácia (Puro JS)",
      "containerId": "b2c3d4e5-f6a7-8901-2345-67890abcdef0",
      "name": "Listar Clientes",
      "url": "http://localhost:3000/clientes",
      "method": "GET",
      "sortNum": 10,
      "created": "2025-10-09T18:00:00.000Z",
      "modified": "2025-10-09T18:00:00.000Z",
      "headers": [],
      "params": [],
      "tests": []
    },
    {
      "_id": "d0e1f2a3-b4c5-6789-0123-ef0123456789",
      "colId": "API Farmácia (Puro JS)",
      "containerId": "b2c3d4e5-f6a7-8901-2345-67890abcdef0",
      "name": "Criar Cliente",
      "url": "http://localhost:3000/clientes",
      "method": "POST",
      "sortNum": 20,
      "created": "2025-10-09T18:00:00.000Z",
      "modified": "2025-10-09T18:00:00.000Z",
      "headers": [],
      "params": [],
      "body": {
        "type": "json",
        "raw": "{\n  \"nome\": \"Maria Souza\",\n  \"cpf\": \"987.654.321-00\",\n  \"endereco\": \"Rua das Palmeiras, 789\",\n  \"telefone\": \"11912345678\"\n}",
        "form": []
      },
      "tests": []
    },
    {
      "_id": "e1f2a3b4-c5d6-7890-1234-f01234567890",
      "colId": "API Farmácia (Puro JS)",
      "containerId": "b2c3d4e5-f6a7-8901-2345-67890abcdef0",
      "name": "Obter Cliente por ID",
      "url": "http://localhost:3000/clientes/{{cliente_id}}",
      "method": "GET",
      "sortNum": 30,
      "created": "2025-10-09T18:00:00.000Z",
      "modified": "2025-10-09T18:00:00.000Z",
      "headers": [],
      "params": [],
      "tests": []
    },
    {
      "_id": "f2a3b4c5-d6e7-8901-2345-012345678901",
      "colId": "API Farmácia (Puro JS)",
      "containerId": "c3d4e5f6-a7b8-9012-3456-7890abcdef01",
      "name": "Registrar Venda",
      "url": "http://localhost:3000/vendas",
      "method": "POST",
      "sortNum": 10,
      "created": "2025-10-09T18:00:00.000Z",
      "modified": "2025-10-09T18:00:00.000Z",
      "headers": [],
      "params": [],
      "body": {
        "type": "json",
        "raw": "{\n  \"clienteId\": \"{{cliente_id}}\",\n  \"itens\": [\n    {\n      \"produtoId\": \"{{produto_id}}\",\n      \"quantidade\": 2\n    }\n  ]\n}",
        "form": []
      },
      "tests": []
    },
    {
      "_id": "a3b4c5d6-e7f8-9012-3456-123456789012",
      "colId": "API Farmácia (Puro JS)",
      "containerId": "c3d4e5f6-a7b8-9012-3456-7890abcdef01",
      "name": "Listar Vendas",
      "url": "http://localhost:3000/vendas",
      "method": "GET",
      "sortNum": 20,
      "created": "2025-10-09T18:00:00.000Z",
      "modified": "2025-10-09T18:00:00.000Z",
      "headers": [],
      "params": [],
      "tests": []
    },
    {
      "_id": "b4c5d6e7-f8a9-0123-4567-234567890123",
      "colId": "API Farmácia (Puro JS)",
      "containerId": "c3d4e5f6-a7b8-9012-3456-7890abcdef01",
      "name": "Obter Venda por ID",
      "url": "http://localhost:3000/vendas/{{venda_id}}",
      "method": "GET",
      "sortNum": 30,
      "created": "2025-10-09T18:00:00.000Z",
      "modified": "2025-10-09T18:00:00.000Z",
      "headers": [],
      "params": [],
      "tests": []
    }
  ]
}