[
    {
        "matricula": "MAT36096",
        "curso": "Ci\u00eancias sociais",
        "data_emprestimo": "2018-11-30"
    },
    {
        "matricula": "MAT64419",
        "curso": "Biblioteconomia",
        "data_emprestimo": "2017-07-12"
    },
    {
        "matricula": "MAT82851",
        "curso": "Ci\u00eancias sociais",
        "data_emprestimo": "2019-09-07"
    },
    {
        "matricula": "MAT43453",
        "curso": "Direito",
        "data_emprestimo": "2019-11-13"
    },
    {
        "matricula": "MAT65056",
        "curso": "Biblioteconomia",
        "data_emprestimo": "2017-09-22"
    },
    {
        "matricula": "MAT92678",
        "curso": "Ci\u00eancias sociais",
        "data_emprestimo": "2020-02-10"
    },
    {
        "matricula": "MAT66474",
        "curso": "Filosofia",
        "data_emprestimo": "2016-06-10"
    },
    {
        "matricula": "MAT95394",
        "curso": "Comunica\u00e7\u00e3o social",
        "data_emprestimo": "2020-01-17"
    },
    {
        "matricula": "MAT97587",
        "curso": "Pedagogia",
        "data_emprestimo": "2020-04-06"
    },
    {
        "matricula": "MAT48151",
        "curso": "Direito",
        "data_emprestimo": "2018-12-30"
    },
    {
        "matricula": "MAT96783",
        "curso": "Direito",
        "data_emprestimo": "2017-12-02"
    },
    {
        "matricula": "MAT97128",
        "curso": "Comunica\u00e7\u00e3o social",
        "data_emprestimo": "2016-12-31"
    },
    {
        "matricula": "MAT81972",
        "curso": "Ci\u00eancias sociais",
        "data_emprestimo": "2017-02-02"
    },
    {
        "matricula": "MAT64932",
        "curso": "Ci\u00eancias sociais",
        "data_emprestimo": "2020-01-13"
    },
    {
        "matricula": "MAT39333",
        "curso": "Ci\u00eancias sociais",
        "data_emprestimo": "2020-03-25"
    },
    {
        "matricula": "MAT62237",
        "curso": "Biblioteconomia",
        "data_emprestimo": "2018-02-09"
    },
    {
        "matricula": "MAT18827",
        "curso": "Biblioteconomia",
        "data_emprestimo": "2015-07-23"
    },
    {
        "matricula": "MAT56471",
        "curso": "Pedagogia",
        "data_emprestimo": "2017-02-02"
    },
    {
        "matricula": "MAT70008",
        "curso": "Filosofia",
        "data_emprestimo": "2016-03-10"
    },
    {
        "matricula": "MAT86898",
        "curso": "Biblioteconomia",
        "data_emprestimo": "2018-08-07"
    },
    {
        "matricula": "MAT57618",
        "curso": "Filosofia",
        "data_emprestimo": "2019-02-23"
    },
    {
        "matricula": "MAT18258",
        "curso": "Direito",
        "data_emprestimo": "2017-10-23"
    },
    {
        "matricula": "MAT64964",
        "curso": "Biblioteconomia",
        "data_emprestimo": "2016-05-26"
    },
    {
        "matricula": "MAT75536",
        "curso": "Direito",
        "data_emprestimo": "2020-07-15"
    },
    {
        "matricula": "MAT66904",
        "curso": "Direito",
        "data_emprestimo": "2019-07-24"
    },
    {
        "matricula": "MAT66046",
        "curso": "Pedagogia",
        "data_emprestimo": "2015-02-25"
    },
    {
        "matricula": "MAT59613",
        "curso": "Ci\u00eancias sociais",
        "data_emprestimo": "2017-06-02"
    },
    {
        "matricula": "MAT95744",
        "curso": "Ci\u00eancias sociais",
        "data_emprestimo": "2015-11-08"
    },
    {
        "matricula": "MAT39642",
        "curso": "Ci\u00eancias sociais",
        "data_emprestimo": "2019-08-13"
    },
    {
        "matricula": "MAT66243",
        "curso": "Biblioteconomia",
        "data_emprestimo": "2019-03-08"
    },
    {
        "matricula": "MAT22852",
        "curso": "Pedagogia",
        "data_emprestimo": "2019-01-24"
    },
    {
        "matricula": "MAT71695",
        "curso": "Biblioteconomia",
        "data_emprestimo": "2019-12-14"
    },
    {
        "matricula": "MAT85487",
        "curso": "Filosofia",
        "data_emprestimo": "2017-09-12"
    },
    {
        "matricula": "MAT69645",
        "curso": "Biblioteconomia",
        "data_emprestimo": "2018-01-03"
    },
    {
        "matricula": "MAT51354",
        "curso": "Direito",
        "data_emprestimo": "2016-05-11"
    },
    {
        "matricula": "MAT41321",
        "curso": "Ci\u00eancias sociais",
        "data_emprestimo": "2015-07-03"
    },
    {
        "matricula": "MAT55326",
        "curso": "Ci\u00eancias sociais",
        "data_emprestimo": "2019-10-15"
    },
    {
        "matricula": "MAT71073",
        "curso": "Pedagogia",
        "data_emprestimo": "2018-03-30"
    },
    {
        "matricula": "MAT71122",
        "curso": "Ci\u00eancias sociais",
        "data_emprestimo": "2017-08-23"
    },
    {
        "matricula": "MAT38472",
        "curso": "Biblioteconomia",
        "data_emprestimo": "2019-01-15"
    },
    {
        "matricula": "MAT26665",
        "curso": "Filosofia",
        "data_emprestimo": "2020-12-04"
    },
    {
        "matricula": "MAT54551",
        "curso": "Filosofia",
        "data_emprestimo": "2018-05-31"
    },
    {
        "matricula": "MAT84074",
        "curso": "Ci\u00eancias sociais",
        "data_emprestimo": "2020-09-14"
    },
    {
        "matricula": "MAT22355",
        "curso": "Direito",
        "data_emprestimo": "2016-11-28"
    },
    {
        "matricula": "MAT83918",
        "curso": "Biblioteconomia",
        "data_emprestimo": "2017-10-31"
    },
    {
        "matricula": "MAT34590",
        "curso": "Pedagogia",
        "data_emprestimo": "2020-01-10"
    },
    {
        "matricula": "MAT59373",
        "curso": "Direito",
        "data_emprestimo": "2018-02-13"
    },
    {
        "matricula": "MAT30295",
        "curso": "Biblioteconomia",
        "data_emprestimo": "2018-07-24"
    },
    {
        "matricula": "MAT93432",
        "curso": "Biblioteconomia",
        "data_emprestimo": "2019-06-03"
    },
    {
        "matricula": "MAT80509",
        "curso": "Filosofia",
        "data_emprestimo": "2019-11-26"
    },
    {
        "matricula": "MAT30773",
        "curso": "Comunica\u00e7\u00e3o social",
        "data_emprestimo": "2018-08-22"
    },
    {
        "matricula": "MAT89035",
        "curso": "Filosofia",
        "data_emprestimo": "2015-01-09"
    },
    {
        "matricula": "MAT65724",
        "curso": "Filosofia",
        "data_emprestimo": "2018-12-28"
    },
    {
        "matricula": "MAT33063",
        "curso": "Ci\u00eancias sociais",
        "data_emprestimo": "2016-06-20"
    },
    {
        "matricula": "MAT89483",
        "curso": "Ci\u00eancias sociais",
        "data_emprestimo": "2017-12-01"
    },
    {
        "matricula": "MAT59219",
        "curso": "Comunica\u00e7\u00e3o social",
        "data_emprestimo": "2016-06-28"
    },
    {
        "matricula": "MAT96680",
        "curso": "Direito",
        "data_emprestimo": "2017-09-29"
    },
    {
        "matricula": "MAT37009",
        "curso": "Pedagogia",
        "data_emprestimo": "2016-06-09"
    },
    {
        "matricula": "MAT99977",
        "curso": "Pedagogia",
        "data_emprestimo": "2015-04-30"
    },
    {
        "matricula": "MAT48762",
        "curso": "Comunica\u00e7\u00e3o social",
        "data_emprestimo": "2018-05-22"
    },
    {
        "matricula": "MAT35840",
        "curso": "Ci\u00eancias sociais",
        "data_emprestimo": "2016-11-03"
    },
    {
        "matricula": "MAT58303",
        "curso": "Filosofia",
        "data_emprestimo": "2020-01-05"
    },
    {
        "matricula": "MAT34987",
        "curso": "Biblioteconomia",
        "data_emprestimo": "2015-04-13"
    },
    {
        "matricula": "MAT81465",
        "curso": "Biblioteconomia",
        "data_emprestimo": "2017-12-31"
    },
    {
        "matricula": "MAT57515",
        "curso": "Filosofia",
        "data_emprestimo": "2018-04-22"
    },
    {
        "matricula": "MAT70846",
        "curso": "Ci\u00eancias sociais",
        "data_emprestimo": "2019-06-07"
    },
    {
        "matricula": "MAT23808",
        "curso": "Pedagogia",
        "data_emprestimo": "2018-05-24"
    },
    {
        "matricula": "MAT98676",
        "curso": "Biblioteconomia",
        "data_emprestimo": "2017-09-06"
    },
    {
        "matricula": "MAT33781",
        "curso": "Ci\u00eancias sociais",
        "data_emprestimo": "2019-04-22"
    },
    {
        "matricula": "MAT99626",
        "curso": "Direito",
        "data_emprestimo": "2017-02-08"
    },
    {
        "matricula": "MAT81839",
        "curso": "Direito",
        "data_emprestimo": "2017-05-20"
    },
    {
        "matricula": "MAT20946",
        "curso": "Pedagogia",
        "data_emprestimo": "2019-12-10"
    },
    {
        "matricula": "MAT48055",
        "curso": "Filosofia",
        "data_emprestimo": "2015-08-31"
    },
    {
        "matricula": "MAT84697",
        "curso": "Pedagogia",
        "data_emprestimo": "2020-11-14"
    },
    {
        "matricula": "MAT35346",
        "curso": "Pedagogia",
        "data_emprestimo": "2018-07-13"
    },
    {
        "matricula": "MAT73806",
        "curso": "Comunica\u00e7\u00e3o social",
        "data_emprestimo": "2020-02-13"
    },
    {
        "matricula": "MAT70949",
        "curso": "Comunica\u00e7\u00e3o social",
        "data_emprestimo": "2016-07-01"
    },
    {
        "matricula": "MAT89137",
        "curso": "Filosofia",
        "data_emprestimo": "2019-07-04"
    },
    {
        "matricula": "MAT99468",
        "curso": "Direito",
        "data_emprestimo": "2017-08-22"
    },
    {
        "matricula": "MAT72400",
        "curso": "Direito",
        "data_emprestimo": "2019-01-14"
    },
    {
        "matricula": "MAT28613",
        "curso": "Comunica\u00e7\u00e3o social",
        "data_emprestimo": "2018-10-10"
    },
    {
        "matricula": "MAT92119",
        "curso": "Comunica\u00e7\u00e3o social",
        "data_emprestimo": "2016-08-06"
    },
    {
        "matricula": "MAT26651",
        "curso": "Filosofia",
        "data_emprestimo": "2016-06-20"
    },
    {
        "matricula": "MAT11719",
        "curso": "Filosofia",
        "data_emprestimo": "2015-08-26"
    },
    {
        "matricula": "MAT23079",
        "curso": "Direito",
        "data_emprestimo": "2015-04-27"
    },
    {
        "matricula": "MAT26728",
        "curso": "Direito",
        "data_emprestimo": "2017-05-01"
    },
    {
        "matricula": "MAT81134",
        "curso": "Biblioteconomia",
        "data_emprestimo": "2016-11-09"
    },
    {
        "matricula": "MAT44598",
        "curso": "Biblioteconomia",
        "data_emprestimo": "2019-04-21"
    },
    {
        "matricula": "MAT35935",
        "curso": "Pedagogia",
        "data_emprestimo": "2018-09-06"
    },
    {
        "matricula": "MAT21522",
        "curso": "Pedagogia",
        "data_emprestimo": "2016-04-01"
    },
    {
        "matricula": "MAT48783",
        "curso": "Biblioteconomia",
        "data_emprestimo": "2019-08-26"
    },
    {
        "matricula": "MAT22440",
        "curso": "Comunica\u00e7\u00e3o social",
        "data_emprestimo": "2015-03-09"
    },
    {
        "matricula": "MAT84775",
        "curso": "Comunica\u00e7\u00e3o social",
        "data_emprestimo": "2017-12-26"
    },
    {
        "matricula": "MAT78285",
        "curso": "Biblioteconomia",
        "data_emprestimo": "2019-09-16"
    },
    {
        "matricula": "MAT34651",
        "curso": "Direito",
        "data_emprestimo": "2018-07-16"
    },
    {
        "matricula": "MAT65148",
        "curso": "Pedagogia",
        "data_emprestimo": "2015-08-26"
    },
    {
        "matricula": "MAT69000",
        "curso": "Ci\u00eancias sociais",
        "data_emprestimo": "2016-01-02"
    },
    {
        "matricula": "MAT52853",
        "curso": "Direito",
        "data_emprestimo": "2020-06-16"
    },
    {
        "matricula": "MAT45473",
        "curso": "Comunica\u00e7\u00e3o social",
        "data_emprestimo": "2019-04-21"
    },
    {
        "matricula": "MAT13060",
        "curso": "Comunica\u00e7\u00e3o social",
        "data_emprestimo": "2020-03-05"
    },
    {
        "matricula": "MAT83949",
        "curso": "Ci\u00eancias sociais",
        "data_emprestimo": "2017-05-13"
    },
    {
        "matricula": "MAT77766",
        "curso": "Pedagogia",
        "data_emprestimo": "2016-08-05"
    },
    {
        "matricula": "MAT67493",
        "curso": "Filosofia",
        "data_emprestimo": "2019-07-01"
    },
    {
        "matricula": "MAT17233",
        "curso": "Filosofia",
        "data_emprestimo": "2016-04-10"
    },
    {
        "matricula": "MAT92446",
        "curso": "Pedagogia",
        "data_emprestimo": "2020-05-05"
    },
    {
        "matricula": "MAT93785",
        "curso": "Comunica\u00e7\u00e3o social",
        "data_emprestimo": "2016-12-19"
    },
    {
        "matricula": "MAT28214",
        "curso": "Filosofia",
        "data_emprestimo": "2020-12-08"
    },
    {
        "matricula": "MAT23278",
        "curso": "Filosofia",
        "data_emprestimo": "2017-08-07"
    },
    {
        "matricula": "MAT74091",
        "curso": "Filosofia",
        "data_emprestimo": "2017-09-04"
    },
    {
        "matricula": "MAT50843",
        "curso": "Biblioteconomia",
        "data_emprestimo": "2017-07-22"
    },
    {
        "matricula": "MAT55175",
        "curso": "Comunica\u00e7\u00e3o social",
        "data_emprestimo": "2017-07-02"
    },
    {
        "matricula": "MAT57150",
        "curso": "Ci\u00eancias sociais",
        "data_emprestimo": "2018-07-28"
    },
    {
        "matricula": "MAT91190",
        "curso": "Direito",
        "data_emprestimo": "2015-12-20"
    },
    {
        "matricula": "MAT45038",
        "curso": "Biblioteconomia",
        "data_emprestimo": "2019-09-23"
    },
    {
        "matricula": "MAT37131",
        "curso": "Biblioteconomia",
        "data_emprestimo": "2015-11-27"
    },
    {
        "matricula": "MAT50041",
        "curso": "Filosofia",
        "data_emprestimo": "2020-09-18"
    },
    {
        "matricula": "MAT15640",
        "curso": "Biblioteconomia",
        "data_emprestimo": "2018-11-10"
    },
    {
        "matricula": "MAT20447",
        "curso": "Biblioteconomia",
        "data_emprestimo": "2020-04-09"
    },
    {
        "matricula": "MAT66821",
        "curso": "Pedagogia",
        "data_emprestimo": "2019-02-28"
    },
    {
        "matricula": "MAT18830",
        "curso": "Ci\u00eancias sociais",
        "data_emprestimo": "2016-12-17"
    },
    {
        "matricula": "MAT52812",
        "curso": "Ci\u00eancias sociais",
        "data_emprestimo": "2015-12-14"
    },
    {
        "matricula": "MAT62186",
        "curso": "Direito",
        "data_emprestimo": "2016-02-26"
    },
    {
        "matricula": "MAT46051",
        "curso": "Filosofia",
        "data_emprestimo": "2017-03-31"
    },
    {
        "matricula": "MAT80416",
        "curso": "Ci\u00eancias sociais",
        "data_emprestimo": "2015-02-21"
    },
    {
        "matricula": "MAT78501",
        "curso": "Comunica\u00e7\u00e3o social",
        "data_emprestimo": "2016-02-21"
    },
    {
        "matricula": "MAT94414",
        "curso": "Ci\u00eancias sociais",
        "data_emprestimo": "2017-03-10"
    },
    {
        "matricula": "MAT39695",
        "curso": "Ci\u00eancias sociais",
        "data_emprestimo": "2015-10-14"
    },
    {
        "matricula": "MAT49335",
        "curso": "Ci\u00eancias sociais",
        "data_emprestimo": "2020-09-02"
    },
    {
        "matricula": "MAT73211",
        "curso": "Biblioteconomia",
        "data_emprestimo": "2016-05-10"
    },
    {
        "matricula": "MAT78695",
        "curso": "Ci\u00eancias sociais",
        "data_emprestimo": "2017-12-20"
    },
    {
        "matricula": "MAT58432",
        "curso": "Ci\u00eancias sociais",
        "data_emprestimo": "2016-08-16"
    },
    {
        "matricula": "MAT76203",
        "curso": "Biblioteconomia",
        "data_emprestimo": "2020-03-22"
    },
    {
        "matricula": "MAT29585",
        "curso": "Ci\u00eancias sociais",
        "data_emprestimo": "2019-10-01"
    },
    {
        "matricula": "MAT19038",
        "curso": "Ci\u00eancias sociais",
        "data_emprestimo": "2019-05-17"
    },
    {
        "matricula": "MAT78887",
        "curso": "Filosofia",
        "data_emprestimo": "2019-05-12"
    },
    {
        "matricula": "MAT11484",
        "curso": "Comunica\u00e7\u00e3o social",
        "data_emprestimo": "2016-10-31"
    },
    {
        "matricula": "MAT51015",
        "curso": "Ci\u00eancias sociais",
        "data_emprestimo": "2016-08-07"
    },
    {
        "matricula": "MAT17289",
        "curso": "Biblioteconomia",
        "data_emprestimo": "2016-10-21"
    },
    {
        "matricula": "MAT62406",
        "curso": "Biblioteconomia",
        "data_emprestimo": "2015-05-12"
    },
    {
        "matricula": "MAT95427",
        "curso": "Filosofia",
        "data_emprestimo": "2020-10-17"
    },
    {
        "matricula": "MAT40551",
        "curso": "Biblioteconomia",
        "data_emprestimo": "2015-08-28"
    },
    {
        "matricula": "MAT39228",
        "curso": "Biblioteconomia",
        "data_emprestimo": "2020-01-29"
    },
    {
        "matricula": "MAT48288",
        "curso": "Ci\u00eancias sociais",
        "data_emprestimo": "2017-04-22"
    },
    {
        "matricula": "MAT90800",
        "curso": "Pedagogia",
        "data_emprestimo": "2020-06-30"
    },
    {
        "matricula": "MAT57714",
        "curso": "Filosofia",
        "data_emprestimo": "2020-06-17"
    },
    {
        "matricula": "MAT73247",
        "curso": "Direito",
        "data_emprestimo": "2017-03-23"
    },
    {
        "matricula": "MAT61638",
        "curso": "Biblioteconomia",
        "data_emprestimo": "2019-07-30"
    },
    {
        "matricula": "MAT54140",
        "curso": "Biblioteconomia",
        "data_emprestimo": "2015-02-20"
    },
    {
        "matricula": "MAT38634",
        "curso": "Filosofia",
        "data_emprestimo": "2015-07-26"
    },
    {
        "matricula": "MAT56209",
        "curso": "Biblioteconomia",
        "data_emprestimo": "2015-04-16"
    },
    {
        "matricula": "MAT83099",
        "curso": "Comunica\u00e7\u00e3o social",
        "data_emprestimo": "2017-07-18"
    },
    {
        "matricula": "MAT62783",
        "curso": "Ci\u00eancias sociais",
        "data_emprestimo": "2016-06-21"
    },
    {
        "matricula": "MAT65065",
        "curso": "Direito",
        "data_emprestimo": "2015-07-24"
    },
    {
        "matricula": "MAT84363",
        "curso": "Filosofia",
        "data_emprestimo": "2020-06-15"
    },
    {
        "matricula": "MAT39831",
        "curso": "Comunica\u00e7\u00e3o social",
        "data_emprestimo": "2016-07-03"
    },
    {
        "matricula": "MAT19995",
        "curso": "Pedagogia",
        "data_emprestimo": "2016-12-15"
    },
    {
        "matricula": "MAT45711",
        "curso": "Direito",
        "data_emprestimo": "2020-12-16"
    },
    {
        "matricula": "MAT82260",
        "curso": "Filosofia",
        "data_emprestimo": "2015-11-13"
    },
    {
        "matricula": "MAT87210",
        "curso": "Comunica\u00e7\u00e3o social",
        "data_emprestimo": "2019-09-04"
    },
    {
        "matricula": "MAT36058",
        "curso": "Filosofia",
        "data_emprestimo": "2017-06-03"
    },
    {
        "matricula": "MAT89530",
        "curso": "Pedagogia",
        "data_emprestimo": "2016-01-11"
    },
    {
        "matricula": "MAT37924",
        "curso": "Ci\u00eancias sociais",
        "data_emprestimo": "2020-10-11"
    },
    {
        "matricula": "MAT15376",
        "curso": "Pedagogia",
        "data_emprestimo": "2016-01-24"
    },
    {
        "matricula": "MAT38786",
        "curso": "Filosofia",
        "data_emprestimo": "2016-11-08"
    },
    {
        "matricula": "MAT19905",
        "curso": "Comunica\u00e7\u00e3o social",
        "data_emprestimo": "2017-10-12"
    },
    {
        "matricula": "MAT76130",
        "curso": "Biblioteconomia",
        "data_emprestimo": "2018-07-22"
    },
    {
        "matricula": "MAT33186",
        "curso": "Ci\u00eancias sociais",
        "data_emprestimo": "2019-09-11"
    },
    {
        "matricula": "MAT66886",
        "curso": "Comunica\u00e7\u00e3o social",
        "data_emprestimo": "2017-11-20"
    },
    {
        "matricula": "MAT54539",
        "curso": "Filosofia",
        "data_emprestimo": "2019-08-28"
    },
    {
        "matricula": "MAT87645",
        "curso": "Direito",
        "data_emprestimo": "2020-01-17"
    },
    {
        "matricula": "MAT20020",
        "curso": "Filosofia",
        "data_emprestimo": "2016-08-23"
    },
    {
        "matricula": "MAT57947",
        "curso": "Pedagogia",
        "data_emprestimo": "2020-03-30"
    },
    {
        "matricula": "MAT22837",
        "curso": "Direito",
        "data_emprestimo": "2020-07-05"
    },
    {
        "matricula": "MAT17750",
        "curso": "Direito",
        "data_emprestimo": "2018-02-27"
    },
    {
        "matricula": "MAT98816",
        "curso": "Comunica\u00e7\u00e3o social",
        "data_emprestimo": "2020-09-16"
    },
    {
        "matricula": "MAT47753",
        "curso": "Biblioteconomia",
        "data_emprestimo": "2018-09-16"
    },
    {
        "matricula": "MAT76380",
        "curso": "Comunica\u00e7\u00e3o social",
        "data_emprestimo": "2017-08-31"
    },
    {
        "matricula": "MAT97111",
        "curso": "Pedagogia",
        "data_emprestimo": "2019-05-19"
    },
    {
        "matricula": "MAT44276",
        "curso": "Direito",
        "data_emprestimo": "2017-11-28"
    },
    {
        "matricula": "MAT56134",
        "curso": "Biblioteconomia",
        "data_emprestimo": "2020-10-08"
    },
    {
        "matricula": "MAT77850",
        "curso": "Comunica\u00e7\u00e3o social",
        "data_emprestimo": "2017-01-14"
    },
    {
        "matricula": "MAT82562",
        "curso": "Comunica\u00e7\u00e3o social",
        "data_emprestimo": "2017-01-29"
    },
    {
        "matricula": "MAT26630",
        "curso": "Biblioteconomia",
        "data_emprestimo": "2018-07-16"
    },
    {
        "matricula": "MAT95742",
        "curso": "Ci\u00eancias sociais",
        "data_emprestimo": "2020-08-02"
    },
    {
        "matricula": "MAT87352",
        "curso": "Biblioteconomia",
        "data_emprestimo": "2016-01-22"
    },
    {
        "matricula": "MAT16360",
        "curso": "Comunica\u00e7\u00e3o social",
        "data_emprestimo": "2019-09-20"
    },
    {
        "matricula": "MAT30651",
        "curso": "Ci\u00eancias sociais",
        "data_emprestimo": "2018-06-05"
    },
    {
        "matricula": "MAT18633",
        "curso": "Filosofia",
        "data_emprestimo": "2015-10-09"
    },
    {
        "matricula": "MAT31562",
        "curso": "Biblioteconomia",
        "data_emprestimo": "2019-08-16"
    },
    {
        "matricula": "MAT21381",
        "curso": "Pedagogia",
        "data_emprestimo": "2016-08-13"
    },
    {
        "matricula": "MAT29103",
        "curso": "Filosofia",
        "data_emprestimo": "2019-08-22"
    },
    {
        "matricula": "MAT67752",
        "curso": "Filosofia",
        "data_emprestimo": "2018-05-29"
    },
    {
        "matricula": "MAT29294",
        "curso": "Biblioteconomia",
        "data_emprestimo": "2017-06-26"
    },
    {
        "matricula": "MAT76657",
        "curso": "Filosofia",
        "data_emprestimo": "2019-09-01"
    },
    {
        "matricula": "MAT23178",
        "curso": "Comunica\u00e7\u00e3o social",
        "data_emprestimo": "2016-11-20"
    },
    {
        "matricula": "MAT90822",
        "curso": "Filosofia",
        "data_emprestimo": "2017-08-05"
    },
    {
        "matricula": "MAT84398",
        "curso": "Pedagogia",
        "data_emprestimo": "2017-11-09"
    },
    {
        "matricula": "MAT76647",
        "curso": "Biblioteconomia",
        "data_emprestimo": "2019-04-24"
    },
    {
        "matricula": "MAT86992",
        "curso": "Filosofia",
        "data_emprestimo": "2015-10-23"
    },
    {
        "matricula": "MAT63253",
        "curso": "Comunica\u00e7\u00e3o social",
        "data_emprestimo": "2016-04-09"
    },
    {
        "matricula": "MAT11649",
        "curso": "Direito",
        "data_emprestimo": "2016-05-21"
    },
    {
        "matricula": "MAT95987",
        "curso": "Direito",
        "data_emprestimo": "2020-05-12"
    },
    {
        "matricula": "MAT98663",
        "curso": "Pedagogia",
        "data_emprestimo": "2017-09-17"
    },
    {
        "matricula": "MAT15152",
        "curso": "Biblioteconomia",
        "data_emprestimo": "2020-04-12"
    },
    {
        "matricula": "MAT40075",
        "curso": "Comunica\u00e7\u00e3o social",
        "data_emprestimo": "2020-11-15"
    },
    {
        "matricula": "MAT54298",
        "curso": "Comunica\u00e7\u00e3o social",
        "data_emprestimo": "2015-01-21"
    },
    {
        "matricula": "MAT79758",
        "curso": "Pedagogia",
        "data_emprestimo": "2017-02-17"
    },
    {
        "matricula": "MAT49308",
        "curso": "Comunica\u00e7\u00e3o social",
        "data_emprestimo": "2015-09-30"
    },
    {
        "matricula": "MAT44871",
        "curso": "Biblioteconomia",
        "data_emprestimo": "2019-03-16"
    },
    {
        "matricula": "MAT79556",
        "curso": "Comunica\u00e7\u00e3o social",
        "data_emprestimo": "2020-07-03"
    },
    {
        "matricula": "MAT26526",
        "curso": "Biblioteconomia",
        "data_emprestimo": "2019-12-26"
    },
    {
        "matricula": "MAT41635",
        "curso": "Ci\u00eancias sociais",
        "data_emprestimo": "2015-09-02"
    },
    {
        "matricula": "MAT61836",
        "curso": "Comunica\u00e7\u00e3o social",
        "data_emprestimo": "2016-01-17"
    },
    {
        "matricula": "MAT60834",
        "curso": "Pedagogia",
        "data_emprestimo": "2019-10-08"
    },
    {
        "matricula": "MAT97474",
        "curso": "Filosofia",
        "data_emprestimo": "2020-08-17"
    },
    {
        "matricula": "MAT13923",
        "curso": "Ci\u00eancias sociais",
        "data_emprestimo": "2019-10-27"
    },
    {
        "matricula": "MAT46371",
        "curso": "Filosofia",
        "data_emprestimo": "2020-07-27"
    },
    {
        "matricula": "MAT94943",
        "curso": "Filosofia",
        "data_emprestimo": "2015-06-29"
    },
    {
        "matricula": "MAT77306",
        "curso": "Filosofia",
        "data_emprestimo": "2020-06-23"
    },
    {
        "matricula": "MAT52497",
        "curso": "Filosofia",
        "data_emprestimo": "2020-10-11"
    },
    {
        "matricula": "MAT87658",
        "curso": "Biblioteconomia",
        "data_emprestimo": "2019-07-17"
    },
    {
        "matricula": "MAT38394",
        "curso": "Biblioteconomia",
        "data_emprestimo": "2018-01-19"
    },
    {
        "matricula": "MAT44505",
        "curso": "Comunica\u00e7\u00e3o social",
        "data_emprestimo": "2017-06-11"
    },
    {
        "matricula": "MAT49416",
        "curso": "Comunica\u00e7\u00e3o social",
        "data_emprestimo": "2020-05-14"
    },
    {
        "matricula": "MAT36565",
        "curso": "Pedagogia",
        "data_emprestimo": "2020-01-11"
    },
    {
        "matricula": "MAT36102",
        "curso": "Biblioteconomia",
        "data_emprestimo": "2015-11-05"
    },
    {
        "matricula": "MAT42891",
        "curso": "Comunica\u00e7\u00e3o social",
        "data_emprestimo": "2015-06-28"
    },
    {
        "matricula": "MAT84565",
        "curso": "Direito",
        "data_emprestimo": "2020-07-20"
    },
    {
        "matricula": "MAT20750",
        "curso": "Pedagogia",
        "data_emprestimo": "2019-04-24"
    },
    {
        "matricula": "MAT31015",
        "curso": "Pedagogia",
        "data_emprestimo": "2017-03-17"
    },
    {
        "matricula": "MAT80182",
        "curso": "Biblioteconomia",
        "data_emprestimo": "2019-02-26"
    },
    {
        "matricula": "MAT79517",
        "curso": "Pedagogia",
        "data_emprestimo": "2016-01-13"
    },
    {
        "matricula": "MAT54848",
        "curso": "Pedagogia",
        "data_emprestimo": "2019-06-19"
    },
    {
        "matricula": "MAT37941",
        "curso": "Comunica\u00e7\u00e3o social",
        "data_emprestimo": "2018-06-25"
    },
    {
        "matricula": "MAT41850",
        "curso": "Biblioteconomia",
        "data_emprestimo": "2015-07-09"
    },
    {
        "matricula": "MAT25784",
        "curso": "Direito",
        "data_emprestimo": "2017-02-07"
    },
    {
        "matricula": "MAT62838",
        "curso": "Ci\u00eancias sociais",
        "data_emprestimo": "2016-12-03"
    },
    {
        "matricula": "MAT73903",
        "curso": "Filosofia",
        "data_emprestimo": "2020-12-11"
    },
    {
        "matricula": "MAT24110",
        "curso": "Comunica\u00e7\u00e3o social",
        "data_emprestimo": "2019-06-03"
    },
    {
        "matricula": "MAT77584",
        "curso": "Direito",
        "data_emprestimo": "2018-06-12"
    },
    {
        "matricula": "MAT91166",
        "curso": "Filosofia",
        "data_emprestimo": "2015-02-03"
    },
    {
        "matricula": "MAT63815",
        "curso": "Ci\u00eancias sociais",
        "data_emprestimo": "2017-03-05"
    },
    {
        "matricula": "MAT98112",
        "curso": "Comunica\u00e7\u00e3o social",
        "data_emprestimo": "2015-08-21"
    },
    {
        "matricula": "MAT25982",
        "curso": "Ci\u00eancias sociais",
        "data_emprestimo": "2015-09-20"
    },
    {
        "matricula": "MAT22459",
        "curso": "Ci\u00eancias sociais",
        "data_emprestimo": "2019-03-14"
    },
    {
        "matricula": "MAT56558",
        "curso": "Biblioteconomia",
        "data_emprestimo": "2020-04-04"
    },
    {
        "matricula": "MAT55392",
        "curso": "Comunica\u00e7\u00e3o social",
        "data_emprestimo": "2016-08-08"
    },
    {
        "matricula": "MAT75295",
        "curso": "Comunica\u00e7\u00e3o social",
        "data_emprestimo": "2016-01-18"
    },
    {
        "matricula": "MAT29878",
        "curso": "Pedagogia",
        "data_emprestimo": "2020-10-08"
    },
    {
        "matricula": "MAT82134",
        "curso": "Ci\u00eancias sociais",
        "data_emprestimo": "2015-05-21"
    },
    {
        "matricula": "MAT46743",
        "curso": "Biblioteconomia",
        "data_emprestimo": "2016-06-26"
    },
    {
        "matricula": "MAT52908",
        "curso": "Ci\u00eancias sociais",
        "data_emprestimo": "2020-02-11"
    },
    {
        "matricula": "MAT33867",
        "curso": "Biblioteconomia",
        "data_emprestimo": "2015-01-18"
    },
    {
        "matricula": "MAT91604",
        "curso": "Ci\u00eancias sociais",
        "data_emprestimo": "2020-09-04"
    },
    {
        "matricula": "MAT95026",
        "curso": "Comunica\u00e7\u00e3o social",
        "data_emprestimo": "2017-09-25"
    },
    {
        "matricula": "MAT79251",
        "curso": "Pedagogia",
        "data_emprestimo": "2015-11-05"
    },
    {
        "matricula": "MAT26335",
        "curso": "Biblioteconomia",
        "data_emprestimo": "2020-12-24"
    },
    {
        "matricula": "MAT74981",
        "curso": "Direito",
        "data_emprestimo": "2016-01-29"
    },
    {
        "matricula": "MAT85756",
        "curso": "Pedagogia",
        "data_emprestimo": "2015-02-07"
    },
    {
        "matricula": "MAT85989",
        "curso": "Filosofia",
        "data_emprestimo": "2020-11-09"
    },
    {
        "matricula": "MAT23728",
        "curso": "Pedagogia",
        "data_emprestimo": "2017-11-15"
    },
    {
        "matricula": "MAT30435",
        "curso": "Ci\u00eancias sociais",
        "data_emprestimo": "2019-05-04"
    },
    {
        "matricula": "MAT20375",
        "curso": "Ci\u00eancias sociais",
        "data_emprestimo": "2015-01-26"
    },
    {
        "matricula": "MAT60882",
        "curso": "Direito",
        "data_emprestimo": "2020-04-08"
    },
    {
        "matricula": "MAT79957",
        "curso": "Comunica\u00e7\u00e3o social",
        "data_emprestimo": "2017-03-03"
    },
    {
        "matricula": "MAT56884",
        "curso": "Direito",
        "data_emprestimo": "2018-04-10"
    },
    {
        "matricula": "MAT63431",
        "curso": "Direito",
        "data_emprestimo": "2019-04-05"
    },
    {
        "matricula": "MAT39977",
        "curso": "Biblioteconomia",
        "data_emprestimo": "2017-06-08"
    },
    {
        "matricula": "MAT41637",
        "curso": "Biblioteconomia",
        "data_emprestimo": "2018-12-02"
    },
    {
        "matricula": "MAT77901",
        "curso": "Pedagogia",
        "data_emprestimo": "2016-12-17"
    },
    {
        "matricula": "MAT42955",
        "curso": "Comunica\u00e7\u00e3o social",
        "data_emprestimo": "2017-12-22"
    },
    {
        "matricula": "MAT45460",
        "curso": "Comunica\u00e7\u00e3o social",
        "data_emprestimo": "2015-03-16"
    },
    {
        "matricula": "MAT58310",
        "curso": "Direito",
        "data_emprestimo": "2017-09-27"
    },
    {
        "matricula": "MAT82022",
        "curso": "Biblioteconomia",
        "data_emprestimo": "2018-04-09"
    },
    {
        "matricula": "MAT56423",
        "curso": "Filosofia",
        "data_emprestimo": "2017-08-22"
    },
    {
        "matricula": "MAT73831",
        "curso": "Comunica\u00e7\u00e3o social",
        "data_emprestimo": "2019-02-06"
    },
    {
        "matricula": "MAT38412",
        "curso": "Filosofia",
        "data_emprestimo": "2018-06-21"
    },
    {
        "matricula": "MAT28758",
        "curso": "Filosofia",
        "data_emprestimo": "2020-11-04"
    },
    {
        "matricula": "MAT80267",
        "curso": "Ci\u00eancias sociais",
        "data_emprestimo": "2016-09-12"
    },
    {
        "matricula": "MAT66186",
        "curso": "Biblioteconomia",
        "data_emprestimo": "2020-05-02"
    },
    {
        "matricula": "MAT31974",
        "curso": "Direito",
        "data_emprestimo": "2019-03-10"
    },
    {
        "matricula": "MAT74518",
        "curso": "Direito",
        "data_emprestimo": "2016-12-23"
    },
    {
        "matricula": "MAT96438",
        "curso": "Pedagogia",
        "data_emprestimo": "2018-01-26"
    },
    {
        "matricula": "MAT34930",
        "curso": "Ci\u00eancias sociais",
        "data_emprestimo": "2019-07-26"
    },
    {
        "matricula": "MAT13921",
        "curso": "Filosofia",
        "data_emprestimo": "2018-08-13"
    },
    {
        "matricula": "MAT80355",
        "curso": "Pedagogia",
        "data_emprestimo": "2015-09-17"
    },
    {
        "matricula": "MAT79393",
        "curso": "Ci\u00eancias sociais",
        "data_emprestimo": "2016-05-24"
    },
    {
        "matricula": "MAT44704",
        "curso": "Ci\u00eancias sociais",
        "data_emprestimo": "2016-08-12"
    },
    {
        "matricula": "MAT88599",
        "curso": "Pedagogia",
        "data_emprestimo": "2015-10-05"
    },
    {
        "matricula": "MAT17954",
        "curso": "Comunica\u00e7\u00e3o social",
        "data_emprestimo": "2018-03-12"
    },
    {
        "matricula": "MAT66304",
        "curso": "Biblioteconomia",
        "data_emprestimo": "2019-10-22"
    },
    {
        "matricula": "MAT81881",
        "curso": "Filosofia",
        "data_emprestimo": "2017-12-15"
    },
    {
        "matricula": "MAT65593",
        "curso": "Ci\u00eancias sociais",
        "data_emprestimo": "2020-11-21"
    },
    {
        "matricula": "MAT51559",
        "curso": "Biblioteconomia",
        "data_emprestimo": "2018-09-04"
    },
    {
        "matricula": "MAT67253",
        "curso": "Pedagogia",
        "data_emprestimo": "2017-08-01"
    },
    {
        "matricula": "MAT16534",
        "curso": "Comunica\u00e7\u00e3o social",
        "data_emprestimo": "2019-07-31"
    },
    {
        "matricula": "MAT23743",
        "curso": "Biblioteconomia",
        "data_emprestimo": "2017-11-26"
    },
    {
        "matricula": "MAT12946",
        "curso": "Filosofia",
        "data_emprestimo": "2015-07-14"
    },
    {
        "matricula": "MAT95752",
        "curso": "Ci\u00eancias sociais",
        "data_emprestimo": "2017-11-15"
    },
    {
        "matricula": "MAT88279",
        "curso": "Filosofia",
        "data_emprestimo": "2018-09-05"
    },
    {
        "matricula": "MAT30184",
        "curso": "Direito",
        "data_emprestimo": "2018-10-12"
    },
    {
        "matricula": "MAT83219",
        "curso": "Ci\u00eancias sociais",
        "data_emprestimo": "2020-09-23"
    },
    {
        "matricula": "MAT93355",
        "curso": "Comunica\u00e7\u00e3o social",
        "data_emprestimo": "2019-04-22"
    },
    {
        "matricula": "MAT67365",
        "curso": "Filosofia",
        "data_emprestimo": "2018-12-12"
    },
    {
        "matricula": "MAT25042",
        "curso": "Comunica\u00e7\u00e3o social",
        "data_emprestimo": "2019-09-07"
    },
    {
        "matricula": "MAT61656",
        "curso": "Biblioteconomia",
        "data_emprestimo": "2017-06-13"
    },
    {
        "matricula": "MAT81858",
        "curso": "Ci\u00eancias sociais",
        "data_emprestimo": "2019-12-18"
    },
    {
        "matricula": "MAT30328",
        "curso": "Ci\u00eancias sociais",
        "data_emprestimo": "2017-02-25"
    },
    {
        "matricula": "MAT16530",
        "curso": "Direito",
        "data_emprestimo": "2017-12-06"
    },
    {
        "matricula": "MAT89359",
        "curso": "Biblioteconomia",
        "data_emprestimo": "2020-07-11"
    },
    {
        "matricula": "MAT44748",
        "curso": "Pedagogia",
        "data_emprestimo": "2016-10-01"
    },
    {
        "matricula": "MAT57229",
        "curso": "Pedagogia",
        "data_emprestimo": "2017-08-27"
    },
    {
        "matricula": "MAT12107",
        "curso": "Pedagogia",
        "data_emprestimo": "2018-10-17"
    },
    {
        "matricula": "MAT15526",
        "curso": "Pedagogia",
        "data_emprestimo": "2016-05-30"
    },
    {
        "matricula": "MAT18511",
        "curso": "Filosofia",
        "data_emprestimo": "2016-01-07"
    },
    {
        "matricula": "MAT18829",
        "curso": "Ci\u00eancias sociais",
        "data_emprestimo": "2018-09-28"
    },
    {
        "matricula": "MAT74414",
        "curso": "Direito",
        "data_emprestimo": "2019-03-08"
    },
    {
        "matricula": "MAT60321",
        "curso": "Filosofia",
        "data_emprestimo": "2020-05-05"
    },
    {
        "matricula": "MAT93429",
        "curso": "Comunica\u00e7\u00e3o social",
        "data_emprestimo": "2016-02-06"
    },
    {
        "matricula": "MAT64379",
        "curso": "Filosofia",
        "data_emprestimo": "2016-05-25"
    },
    {
        "matricula": "MAT14311",
        "curso": "Filosofia",
        "data_emprestimo": "2018-12-25"
    },
    {
        "matricula": "MAT28765",
        "curso": "Pedagogia",
        "data_emprestimo": "2020-06-19"
    },
    {
        "matricula": "MAT14197",
        "curso": "Comunica\u00e7\u00e3o social",
        "data_emprestimo": "2018-05-31"
    },
    {
        "matricula": "MAT90716",
        "curso": "Direito",
        "data_emprestimo": "2019-03-29"
    },
    {
        "matricula": "MAT14441",
        "curso": "Direito",
        "data_emprestimo": "2016-06-23"
    },
    {
        "matricula": "MAT21141",
        "curso": "Ci\u00eancias sociais",
        "data_emprestimo": "2018-07-11"
    },
    {
        "matricula": "MAT27909",
        "curso": "Comunica\u00e7\u00e3o social",
        "data_emprestimo": "2016-09-16"
    },
    {
        "matricula": "MAT48317",
        "curso": "Direito",
        "data_emprestimo": "2020-04-16"
    },
    {
        "matricula": "MAT59156",
        "curso": "Biblioteconomia",
        "data_emprestimo": "2017-10-11"
    },
    {
        "matricula": "MAT25494",
        "curso": "Comunica\u00e7\u00e3o social",
        "data_emprestimo": "2016-09-19"
    },
    {
        "matricula": "MAT54383",
        "curso": "Pedagogia",
        "data_emprestimo": "2017-06-29"
    },
    {
        "matricula": "MAT65507",
        "curso": "Filosofia",
        "data_emprestimo": "2018-12-16"
    },
    {
        "matricula": "MAT52928",
        "curso": "Direito",
        "data_emprestimo": "2020-05-26"
    },
    {
        "matricula": "MAT54538",
        "curso": "Comunica\u00e7\u00e3o social",
        "data_emprestimo": "2015-11-05"
    },
    {
        "matricula": "MAT59983",
        "curso": "Direito",
        "data_emprestimo": "2020-07-27"
    },
    {
        "matricula": "MAT62147",
        "curso": "Biblioteconomia",
        "data_emprestimo": "2017-04-04"
    },
    {
        "matricula": "MAT90438",
        "curso": "Filosofia",
        "data_emprestimo": "2020-08-17"
    },
    {
        "matricula": "MAT51111",
        "curso": "Direito",
        "data_emprestimo": "2015-02-04"
    },
    {
        "matricula": "MAT24281",
        "curso": "Ci\u00eancias sociais",
        "data_emprestimo": "2019-07-20"
    },
    {
        "matricula": "MAT60303",
        "curso": "Ci\u00eancias sociais",
        "data_emprestimo": "2017-01-27"
    },
    {
        "matricula": "MAT53866",
        "curso": "Comunica\u00e7\u00e3o social",
        "data_emprestimo": "2019-10-06"
    },
    {
        "matricula": "MAT85601",
        "curso": "Direito",
        "data_emprestimo": "2020-09-21"
    },
    {
        "matricula": "MAT61478",
        "curso": "Pedagogia",
        "data_emprestimo": "2018-12-21"
    },
    {
        "matricula": "MAT92159",
        "curso": "Direito",
        "data_emprestimo": "2018-08-31"
    },
    {
        "matricula": "MAT42659",
        "curso": "Ci\u00eancias sociais",
        "data_emprestimo": "2019-05-15"
    },
    {
        "matricula": "MAT97174",
        "curso": "Biblioteconomia",
        "data_emprestimo": "2020-01-03"
    },
    {
        "matricula": "MAT77563",
        "curso": "Filosofia",
        "data_emprestimo": "2015-01-23"
    },
    {
        "matricula": "MAT69413",
        "curso": "Ci\u00eancias sociais",
        "data_emprestimo": "2019-07-31"
    },
    {
        "matricula": "MAT68840",
        "curso": "Pedagogia",
        "data_emprestimo": "2016-05-04"
    },
    {
        "matricula": "MAT11075",
        "curso": "Filosofia",
        "data_emprestimo": "2019-04-16"
    },
    {
        "matricula": "MAT32824",
        "curso": "Direito",
        "data_emprestimo": "2019-10-22"
    },
    {
        "matricula": "MAT26002",
        "curso": "Comunica\u00e7\u00e3o social",
        "data_emprestimo": "2016-05-16"
    },
    {
        "matricula": "MAT42465",
        "curso": "Direito",
        "data_emprestimo": "2015-04-18"
    },
    {
        "matricula": "MAT90360",
        "curso": "Comunica\u00e7\u00e3o social",
        "data_emprestimo": "2015-06-08"
    },
    {
        "matricula": "MAT79287",
        "curso": "Ci\u00eancias sociais",
        "data_emprestimo": "2016-10-20"
    },
    {
        "matricula": "MAT90037",
        "curso": "Filosofia",
        "data_emprestimo": "2016-10-22"
    },
    {
        "matricula": "MAT46832",
        "curso": "Ci\u00eancias sociais",
        "data_emprestimo": "2017-01-05"
    },
    {
        "matricula": "MAT60729",
        "curso": "Direito",
        "data_emprestimo": "2016-11-21"
    },
    {
        "matricula": "MAT26286",
        "curso": "Filosofia",
        "data_emprestimo": "2016-10-07"
    },
    {
        "matricula": "MAT53814",
        "curso": "Pedagogia",
        "data_emprestimo": "2017-07-04"
    },
    {
        "matricula": "MAT53603",
        "curso": "Ci\u00eancias sociais",
        "data_emprestimo": "2015-08-03"
    },
    {
        "matricula": "MAT78699",
        "curso": "Biblioteconomia",
        "data_emprestimo": "2015-11-05"
    },
    {
        "matricula": "MAT38491",
        "curso": "Ci\u00eancias sociais",
        "data_emprestimo": "2020-03-08"
    },
    {
        "matricula": "MAT91548",
        "curso": "Comunica\u00e7\u00e3o social",
        "data_emprestimo": "2016-05-29"
    },
    {
        "matricula": "MAT80204",
        "curso": "Comunica\u00e7\u00e3o social",
        "data_emprestimo": "2016-03-26"
    },
    {
        "matricula": "MAT50684",
        "curso": "Biblioteconomia",
        "data_emprestimo": "2017-07-19"
    },
    {
        "matricula": "MAT47612",
        "curso": "Biblioteconomia",
        "data_emprestimo": "2015-07-06"
    },
    {
        "matricula": "MAT73386",
        "curso": "Filosofia",
        "data_emprestimo": "2019-10-26"
    },
    {
        "matricula": "MAT82914",
        "curso": "Filosofia",
        "data_emprestimo": "2019-07-03"
    },
    {
        "matricula": "MAT56620",
        "curso": "Pedagogia",
        "data_emprestimo": "2016-07-12"
    },
    {
        "matricula": "MAT76359",
        "curso": "Filosofia",
        "data_emprestimo": "2015-01-09"
    },
    {
        "matricula": "MAT73569",
        "curso": "Biblioteconomia",
        "data_emprestimo": "2017-04-23"
    },
    {
        "matricula": "MAT58079",
        "curso": "Direito",
        "data_emprestimo": "2020-09-15"
    },
    {
        "matricula": "MAT70516",
        "curso": "Pedagogia",
        "data_emprestimo": "2019-08-09"
    },
    {
        "matricula": "MAT40890",
        "curso": "Pedagogia",
        "data_emprestimo": "2015-03-22"
    },
    {
        "matricula": "MAT94425",
        "curso": "Biblioteconomia",
        "data_emprestimo": "2017-09-18"
    },
    {
        "matricula": "MAT15108",
        "curso": "Pedagogia",
        "data_emprestimo": "2018-01-15"
    },
    {
        "matricula": "MAT98374",
        "curso": "Direito",
        "data_emprestimo": "2017-09-11"
    },
    {
        "matricula": "MAT86594",
        "curso": "Comunica\u00e7\u00e3o social",
        "data_emprestimo": "2017-02-03"
    },
    {
        "matricula": "MAT89445",
        "curso": "Comunica\u00e7\u00e3o social",
        "data_emprestimo": "2018-02-07"
    },
    {
        "matricula": "MAT11302",
        "curso": "Ci\u00eancias sociais",
        "data_emprestimo": "2017-02-04"
    },
    {
        "matricula": "MAT40898",
        "curso": "Filosofia",
        "data_emprestimo": "2015-12-11"
    },
    {
        "matricula": "MAT26255",
        "curso": "Comunica\u00e7\u00e3o social",
        "data_emprestimo": "2016-02-20"
    },
    {
        "matricula": "MAT63126",
        "curso": "Comunica\u00e7\u00e3o social",
        "data_emprestimo": "2017-12-12"
    },
    {
        "matricula": "MAT36492",
        "curso": "Filosofia",
        "data_emprestimo": "2019-03-24"
    },
    {
        "matricula": "MAT26732",
        "curso": "Biblioteconomia",
        "data_emprestimo": "2016-12-14"
    },
    {
        "matricula": "MAT83559",
        "curso": "Comunica\u00e7\u00e3o social",
        "data_emprestimo": "2019-03-10"
    },
    {
        "matricula": "MAT89156",
        "curso": "Direito",
        "data_emprestimo": "2016-04-21"
    },
    {
        "matricula": "MAT20137",
        "curso": "Ci\u00eancias sociais",
        "data_emprestimo": "2015-05-08"
    },
    {
        "matricula": "MAT27859",
        "curso": "Ci\u00eancias sociais",
        "data_emprestimo": "2017-07-15"
    },
    {
        "matricula": "MAT91363",
        "curso": "Direito",
        "data_emprestimo": "2019-10-15"
    },
    {
        "matricula": "MAT60000",
        "curso": "Ci\u00eancias sociais",
        "data_emprestimo": "2020-08-05"
    },
    {
        "matricula": "MAT62416",
        "curso": "Ci\u00eancias sociais",
        "data_emprestimo": "2016-12-05"
    },
    {
        "matricula": "MAT45143",
        "curso": "Comunica\u00e7\u00e3o social",
        "data_emprestimo": "2019-08-30"
    },
    {
        "matricula": "MAT52415",
        "curso": "Direito",
        "data_emprestimo": "2017-01-26"
    },
    {
        "matricula": "MAT45961",
        "curso": "Comunica\u00e7\u00e3o social",
        "data_emprestimo": "2015-05-24"
    },
    {
        "matricula": "MAT28428",
        "curso": "Filosofia",
        "data_emprestimo": "2016-06-19"
    },
    {
        "matricula": "MAT13018",
        "curso": "Comunica\u00e7\u00e3o social",
        "data_emprestimo": "2015-07-04"
    },
    {
        "matricula": "MAT78377",
        "curso": "Direito",
        "data_emprestimo": "2020-09-23"
    },
    {
        "matricula": "MAT31664",
        "curso": "Biblioteconomia",
        "data_emprestimo": "2015-11-06"
    },
    {
        "matricula": "MAT85140",
        "curso": "Filosofia",
        "data_emprestimo": "2019-05-29"
    },
    {
        "matricula": "MAT73578",
        "curso": "Filosofia",
        "data_emprestimo": "2019-08-18"
    },
    {
        "matricula": "MAT36404",
        "curso": "Filosofia",
        "data_emprestimo": "2016-02-14"
    },
    {
        "matricula": "MAT27151",
        "curso": "Direito",
        "data_emprestimo": "2020-10-12"
    },
    {
        "matricula": "MAT25763",
        "curso": "Pedagogia",
        "data_emprestimo": "2020-12-26"
    },
    {
        "matricula": "MAT90013",
        "curso": "Comunica\u00e7\u00e3o social",
        "data_emprestimo": "2016-10-24"
    },
    {
        "matricula": "MAT29564",
        "curso": "Pedagogia",
        "data_emprestimo": "2017-02-25"
    },
    {
        "matricula": "MAT58804",
        "curso": "Filosofia",
        "data_emprestimo": "2019-03-16"
    },
    {
        "matricula": "MAT66060",
        "curso": "Pedagogia",
        "data_emprestimo": "2015-11-18"
    },
    {
        "matricula": "MAT21245",
        "curso": "Pedagogia",
        "data_emprestimo": "2019-12-12"
    },
    {
        "matricula": "MAT38567",
        "curso": "Comunica\u00e7\u00e3o social",
        "data_emprestimo": "2016-06-14"
    },
    {
        "matricula": "MAT71656",
        "curso": "Comunica\u00e7\u00e3o social",
        "data_emprestimo": "2019-06-30"
    },
    {
        "matricula": "MAT69372",
        "curso": "Biblioteconomia",
        "data_emprestimo": "2016-07-16"
    },
    {
        "matricula": "MAT79285",
        "curso": "Ci\u00eancias sociais",
        "data_emprestimo": "2016-04-18"
    },
    {
        "matricula": "MAT78592",
        "curso": "Direito",
        "data_emprestimo": "2015-09-16"
    },
    {
        "matricula": "MAT89732",
        "curso": "Comunica\u00e7\u00e3o social",
        "data_emprestimo": "2017-02-20"
    },
    {
        "matricula": "MAT65806",
        "curso": "Comunica\u00e7\u00e3o social",
        "data_emprestimo": "2018-04-28"
    },
    {
        "matricula": "MAT50263",
        "curso": "Comunica\u00e7\u00e3o social",
        "data_emprestimo": "2016-06-11"
    },
    {
        "matricula": "MAT74426",
        "curso": "Biblioteconomia",
        "data_emprestimo": "2018-04-03"
    },
    {
        "matricula": "MAT28421",
        "curso": "Direito",
        "data_emprestimo": "2019-04-04"
    },
    {
        "matricula": "MAT67656",
        "curso": "Filosofia",
        "data_emprestimo": "2020-03-16"
    },
    {
        "matricula": "MAT33954",
        "curso": "Pedagogia",
        "data_emprestimo": "2020-06-11"
    },
    {
        "matricula": "MAT98433",
        "curso": "Biblioteconomia",
        "data_emprestimo": "2020-06-23"
    },
    {
        "matricula": "MAT12208",
        "curso": "Comunica\u00e7\u00e3o social",
        "data_emprestimo": "2015-11-03"
    },
    {
        "matricula": "MAT86027",
        "curso": "Comunica\u00e7\u00e3o social",
        "data_emprestimo": "2015-01-10"
    },
    {
        "matricula": "MAT61740",
        "curso": "Biblioteconomia",
        "data_emprestimo": "2019-09-04"
    },
    {
        "matricula": "MAT49180",
        "curso": "Ci\u00eancias sociais",
        "data_emprestimo": "2017-11-07"
    },
    {
        "matricula": "MAT29549",
        "curso": "Comunica\u00e7\u00e3o social",
        "data_emprestimo": "2019-03-02"
    },
    {
        "matricula": "MAT11257",
        "curso": "Biblioteconomia",
        "data_emprestimo": "2020-01-04"
    },
    {
        "matricula": "MAT96735",
        "curso": "Direito",
        "data_emprestimo": "2018-10-25"
    },
    {
        "matricula": "MAT92995",
        "curso": "Filosofia",
        "data_emprestimo": "2020-06-17"
    },
    {
        "matricula": "MAT15282",
        "curso": "Direito",
        "data_emprestimo": "2017-07-02"
    },
    {
        "matricula": "MAT50764",
        "curso": "Comunica\u00e7\u00e3o social",
        "data_emprestimo": "2015-04-16"
    },
    {
        "matricula": "MAT21770",
        "curso": "Filosofia",
        "data_emprestimo": "2015-05-02"
    },
    {
        "matricula": "MAT82504",
        "curso": "Pedagogia",
        "data_emprestimo": "2016-06-13"
    },
    {
        "matricula": "MAT62517",
        "curso": "Filosofia",
        "data_emprestimo": "2016-11-30"
    },
    {
        "matricula": "MAT93440",
        "curso": "Direito",
        "data_emprestimo": "2015-06-18"
    },
    {
        "matricula": "MAT18508",
        "curso": "Direito",
        "data_emprestimo": "2019-01-13"
    },
    {
        "matricula": "MAT87872",
        "curso": "Direito",
        "data_emprestimo": "2018-06-14"
    },
    {
        "matricula": "MAT68226",
        "curso": "Direito",
        "data_emprestimo": "2019-09-12"
    },
    {
        "matricula": "MAT19519",
        "curso": "Biblioteconomia",
        "data_emprestimo": "2017-08-30"
    },
    {
        "matricula": "MAT63991",
        "curso": "Direito",
        "data_emprestimo": "2016-12-30"
    },
    {
        "matricula": "MAT24300",
        "curso": "Filosofia",
        "data_emprestimo": "2015-03-03"
    },
    {
        "matricula": "MAT52833",
        "curso": "Ci\u00eancias sociais",
        "data_emprestimo": "2016-05-16"
    },
    {
        "matricula": "MAT84190",
        "curso": "Direito",
        "data_emprestimo": "2019-05-13"
    },
    {
        "matricula": "MAT54724",
        "curso": "Filosofia",
        "data_emprestimo": "2020-03-15"
    },
    {
        "matricula": "MAT36358",
        "curso": "Filosofia",
        "data_emprestimo": "2017-06-14"
    },
    {
        "matricula": "MAT45941",
        "curso": "Pedagogia",
        "data_emprestimo": "2016-05-01"
    },
    {
        "matricula": "MAT57426",
        "curso": "Filosofia",
        "data_emprestimo": "2019-12-07"
    },
    {
        "matricula": "MAT79787",
        "curso": "Comunica\u00e7\u00e3o social",
        "data_emprestimo": "2016-05-17"
    },
    {
        "matricula": "MAT95230",
        "curso": "Biblioteconomia",
        "data_emprestimo": "2017-04-02"
    },
    {
        "matricula": "MAT51957",
        "curso": "Pedagogia",
        "data_emprestimo": "2020-09-16"
    },
    {
        "matricula": "MAT58174",
        "curso": "Direito",
        "data_emprestimo": "2019-01-30"
    },
    {
        "matricula": "MAT23705",
        "curso": "Ci\u00eancias sociais",
        "data_emprestimo": "2016-09-03"
    },
    {
        "matricula": "MAT95361",
        "curso": "Direito",
        "data_emprestimo": "2019-09-27"
    },
    {
        "matricula": "MAT80136",
        "curso": "Filosofia",
        "data_emprestimo": "2017-01-19"
    },
    {
        "matricula": "MAT79008",
        "curso": "Pedagogia",
        "data_emprestimo": "2020-12-06"
    },
    {
        "matricula": "MAT28671",
        "curso": "Biblioteconomia",
        "data_emprestimo": "2016-09-18"
    },
    {
        "matricula": "MAT43982",
        "curso": "Ci\u00eancias sociais",
        "data_emprestimo": "2016-09-21"
    },
    {
        "matricula": "MAT49711",
        "curso": "Comunica\u00e7\u00e3o social",
        "data_emprestimo": "2020-06-06"
    },
    {
        "matricula": "MAT43448",
        "curso": "Pedagogia",
        "data_emprestimo": "2016-09-22"
    },
    {
        "matricula": "MAT30215",
        "curso": "Filosofia",
        "data_emprestimo": "2020-10-28"
    },
    {
        "matricula": "MAT69757",
        "curso": "Ci\u00eancias sociais",
        "data_emprestimo": "2018-03-26"
    },
    {
        "matricula": "MAT47063",
        "curso": "Filosofia",
        "data_emprestimo": "2016-05-15"
    },
    {
        "matricula": "MAT70105",
        "curso": "Biblioteconomia",
        "data_emprestimo": "2020-10-29"
    },
    {
        "matricula": "MAT37713",
        "curso": "Comunica\u00e7\u00e3o social",
        "data_emprestimo": "2019-06-13"
    },
    {
        "matricula": "MAT13728",
        "curso": "Comunica\u00e7\u00e3o social",
        "data_emprestimo": "2016-03-10"
    },
    {
        "matricula": "MAT13164",
        "curso": "Pedagogia",
        "data_emprestimo": "2018-06-09"
    },
    {
        "matricula": "MAT53977",
        "curso": "Comunica\u00e7\u00e3o social",
        "data_emprestimo": "2020-10-30"
    },
    {
        "matricula": "MAT53529",
        "curso": "Filosofia",
        "data_emprestimo": "2020-10-29"
    },
    {
        "matricula": "MAT21016",
        "curso": "Pedagogia",
        "data_emprestimo": "2019-10-17"
    },
    {
        "matricula": "MAT14484",
        "curso": "Pedagogia",
        "data_emprestimo": "2020-07-13"
    },
    {
        "matricula": "MAT67021",
        "curso": "Direito",
        "data_emprestimo": "2018-10-23"
    },
    {
        "matricula": "MAT32640",
        "curso": "Ci\u00eancias sociais",
        "data_emprestimo": "2019-11-08"
    },
    {
        "matricula": "MAT29214",
        "curso": "Filosofia",
        "data_emprestimo": "2015-10-08"
    },
    {
        "matricula": "MAT49585",
        "curso": "Ci\u00eancias sociais",
        "data_emprestimo": "2015-08-19"
    },
    {
        "matricula": "MAT95948",
        "curso": "Comunica\u00e7\u00e3o social",
        "data_emprestimo": "2015-10-07"
    },
    {
        "matricula": "MAT58273",
        "curso": "Pedagogia",
        "data_emprestimo": "2016-09-04"
    },
    {
        "matricula": "MAT93019",
        "curso": "Pedagogia",
        "data_emprestimo": "2015-11-03"
    },
    {
        "matricula": "MAT76590",
        "curso": "Biblioteconomia",
        "data_emprestimo": "2020-04-18"
    },
    {
        "matricula": "MAT41642",
        "curso": "Comunica\u00e7\u00e3o social",
        "data_emprestimo": "2016-01-03"
    },
    {
        "matricula": "MAT75903",
        "curso": "Filosofia",
        "data_emprestimo": "2018-04-13"
    },
    {
        "matricula": "MAT79224",
        "curso": "Filosofia",
        "data_emprestimo": "2019-05-22"
    },
    {
        "matricula": "MAT39525",
        "curso": "Comunica\u00e7\u00e3o social",
        "data_emprestimo": "2015-06-11"
    },
    {
        "matricula": "MAT52451",
        "curso": "Comunica\u00e7\u00e3o social",
        "data_emprestimo": "2017-08-07"
    },
    {
        "matricula": "MAT43674",
        "curso": "Pedagogia",
        "data_emprestimo": "2017-05-10"
    },
    {
        "matricula": "MAT70049",
        "curso": "Biblioteconomia",
        "data_emprestimo": "2015-07-30"
    },
    {
        "matricula": "MAT87293",
        "curso": "Comunica\u00e7\u00e3o social",
        "data_emprestimo": "2017-06-10"
    },
    {
        "matricula": "MAT72652",
        "curso": "Ci\u00eancias sociais",
        "data_emprestimo": "2020-02-15"
    },
    {
        "matricula": "MAT79428",
        "curso": "Biblioteconomia",
        "data_emprestimo": "2019-05-12"
    },
    {
        "matricula": "MAT75085",
        "curso": "Ci\u00eancias sociais",
        "data_emprestimo": "2020-04-15"
    },
    {
        "matricula": "MAT58320",
        "curso": "Comunica\u00e7\u00e3o social",
        "data_emprestimo": "2015-11-28"
    },
    {
        "matricula": "MAT37645",
        "curso": "Ci\u00eancias sociais",
        "data_emprestimo": "2019-04-16"
    },
    {
        "matricula": "MAT72554",
        "curso": "Direito",
        "data_emprestimo": "2016-07-01"
    },
    {
        "matricula": "MAT12638",
        "curso": "Filosofia",
        "data_emprestimo": "2015-08-06"
    },
    {
        "matricula": "MAT19338",
        "curso": "Pedagogia",
        "data_emprestimo": "2018-03-03"
    },
    {
        "matricula": "MAT10389",
        "curso": "Filosofia",
        "data_emprestimo": "2020-03-01"
    },
    {
        "matricula": "MAT28858",
        "curso": "Ci\u00eancias sociais",
        "data_emprestimo": "2018-09-22"
    },
    {
        "matricula": "MAT94606",
        "curso": "Filosofia",
        "data_emprestimo": "2020-07-11"
    },
    {
        "matricula": "MAT40854",
        "curso": "Biblioteconomia",
        "data_emprestimo": "2018-11-03"
    }
]