Ano,Mes,Tipo_Usuario,Colecao,Emprestimos
2010,1,Graduacao,Matematica,10
2010,2,Graduacao,Matematica,12
2010,3,Graduacao,Fisica,8
2010,4,Pos-Graduacao,Matematica,15
2010,5,Graduacao,Matematica,11
2010,6,Pos-Graduacao,Historia,9
2011,1,Graduacao,Matematica,13
2011,2,Graduacao,Fisica,9
2011,3,Pos-Graduacao,Matematica,16
2011,4,Graduacao,Matematica,14
2011,5,Pos-Graduacao,Historia,10
2011,6,Graduacao,Matematica,12
2012,1,Graduacao,Matematica,11
2012,2,Pos-Graduacao,Matematica,18
2012,3,Graduacao,Fisica,7
2012,4,Graduacao,Matematica,10
2012,5,Pos-Graduacao,Historia,11
2012,6,Graduacao,Matematica,13
2013,1,Graduacao,Matematica,15
2013,2,Pos-Graduacao,Matematica,20
2013,3,Graduacao,Fisica,9
2013,4,Graduacao,Matematica,12
2013,5,Pos-Graduacao,Historia,12
2013,6,Graduacao,Matematica,14
2014,1,Graduacao,Matematica,16
2014,2,Pos-Graduacao,Matematica,22
2014,3,Graduacao,Fisica,10
2014,4,Graduacao,Matematica,13
2014,5,Pos-Graduacao,Historia,13
2014,6,Graduacao,Matematica,15
2015,1,Graduacao,Matematica,17
2015,2,Pos-Graduacao,Matematica,24
2015,3,Graduacao,Fisica,11
2015,4,Graduacao,Matematica,14
2015,5,Pos-Graduacao,Historia,14
2015,6,Graduacao,Matematica,16
2016,1,Graduacao,Matematica,18
2016,2,Pos-Graduacao,Matematica,26
2016,3,Graduacao,Fisica,12
2016,4,Graduacao,Matematica,15
2016,5,Pos-Graduacao,Historia,15
2016,6,Graduacao,Matematica,17
2017,1,Graduacao,Matematica,19
2017,2,Pos-Graduacao,Matematica,28
2017,3,Graduacao,Fisica,13
2017,4,Graduacao,Matematica,16
2017,5,Pos-Graduacao,Historia,16
2017,6,Graduacao,Matematica,18
2018,1,Graduacao,Matematica,20
2018,2,Pos-Graduacao,Matematica,30
2018,3,Graduacao,Fisica,14
2018,4,Graduacao,Matematica,17
2018,5,Pos-Graduacao,Historia,17
2018,6,Graduacao,Matematica,19
2019,1,Graduacao,Matematica,21
2019,2,Pos-Graduacao,Matematica,32
2019,3,Graduacao,Fisica,15
2019,4,Graduacao,Matematica,18
2019,5,Pos-Graduacao,Historia,18
2019,6,Graduacao,Matematica,20
2020,1,Graduacao,Matematica,22
2020,2,Pos-Graduacao,Matematica,34
2020,3,Graduacao,Fisica,16
2020,4,Graduacao,Matematica,19
2020,5,Pos-Graduacao,Historia,19
2020,6,Graduacao,Matematica,21

